sample,taxon,genome
TDM033,nitrospira,/home/lucia_winkler/speleothem/damage_inference_core/fasta/TDM033_nitrospira.fa
TDM042,nitrospira,/home/lucia_winkler/speleothem/damage_inference_core/fasta/TDM042_nitrospira.fa
EXB080,A0901_nitrospira,/home/lucia_winkler/speleothem/damage_inference_core/fasta/EXB080_A0901_nitrospira.fa
EXB080,A0801_nitrospira,/home/lucia_winkler/speleothem/damage_inference_core/fasta/EXB080_A0801_nitrospira.fa
TDM056,nitrospira,/home/lucia_winkler/speleothem/damage_inference_core/fasta/TDM056_nitrospira.fa
TDM030,nitrospira,/home/lucia_winkler/speleothem/damage_inference_core/fasta/TDM030_nitrospira.fa
TDM001,nitrospira,/home/lucia_winkler/speleothem/damage_inference_core/fasta/TDM001_nitrospira.fa
TDM038,nitrospira,/home/lucia_winkler/speleothem/damage_inference_core/fasta/TDM038_nitrospira.fa
TDM051,nitrospira,/home/lucia_winkler/speleothem/damage_inference_core/fasta/TDM051_nitrospira.fa
TDM017,nitrospira,/home/lucia_winkler/speleothem/damage_inference_core/fasta/TDM017_nitrospira.fa
TDM019,nitrospira,/home/lucia_winkler/speleothem/damage_inference_core/fasta/TDM019_nitrospira.fa
TDM055,nitrospira,/home/lucia_winkler/speleothem/damage_inference_core/fasta/TDM055_nitrospira.fa
TDM036,nitrospira,/home/lucia_winkler/speleothem/damage_inference_core/fasta/TDM036_nitrospira.fa
TDM003,nitrospira,/home/lucia_winkler/speleothem/damage_inference_core/fasta/TDM003_nitrospira.fa
TDM037,nitrospira,/home/lucia_winkler/speleothem/damage_inference_core/fasta/TDM037_nitrospira.fa
TDM027,nitrospira,/home/lucia_winkler/speleothem/damage_inference_core/fasta/TDM027_nitrospira.fa
TDM013,nitrospira,/home/lucia_winkler/speleothem/damage_inference_core/fasta/TDM013_nitrospira.fa
TDM053,nitrospira,/home/lucia_winkler/speleothem/damage_inference_core/fasta/TDM053_nitrospira.fa
TDM052,nitrospira,/home/lucia_winkler/speleothem/damage_inference_core/fasta/TDM052_nitrospira.fa
TDM060,nitrospira,/home/lucia_winkler/speleothem/damage_inference_core/fasta/TDM060_nitrospira.fa
TDM049,nitrospira,/home/lucia_winkler/speleothem/damage_inference_core/fasta/TDM049_nitrospira.fa
TDM005,nitrospira,/home/lucia_winkler/speleothem/damage_inference_core/fasta/TDM005_nitrospira.fa
TDM043,nitrospira,/home/lucia_winkler/speleothem/damage_inference_core/fasta/TDM043_nitrospira.fa
TDM014,nitrospira,/home/lucia_winkler/speleothem/damage_inference_core/fasta/TDM014_nitrospira.fa
TDM023,nitrospira,/home/lucia_winkler/speleothem/damage_inference_core/fasta/TDM023_nitrospira.fa
TDM015,nitrospira,/home/lucia_winkler/speleothem/damage_inference_core/fasta/TDM015_nitrospira.fa
TDM054,nitrospira,/home/lucia_winkler/speleothem/damage_inference_core/fasta/TDM054_nitrospira.fa
TDM024,nitrospira,/home/lucia_winkler/speleothem/damage_inference_core/fasta/TDM024_nitrospira.fa
TDM007,nitrospira,/home/lucia_winkler/speleothem/damage_inference_core/fasta/TDM007_nitrospira.fa
TDM034,nitrospira,/home/lucia_winkler/speleothem/damage_inference_core/fasta/TDM034_nitrospira.fa
TDM016,nitrospira,/home/lucia_winkler/speleothem/damage_inference_core/fasta/TDM016_nitrospira.fa
TDM008,nitrospira,/home/lucia_winkler/speleothem/damage_inference_core/fasta/TDM008_nitrospira.fa
TDM012,nitrospira,/home/lucia_winkler/speleothem/damage_inference_core/fasta/TDM012_nitrospira.fa
TDM022,nitrospira,/home/lucia_winkler/speleothem/damage_inference_core/fasta/TDM022_nitrospira.fa
TDM035,nitrospira,/home/lucia_winkler/speleothem/damage_inference_core/fasta/TDM035_nitrospira.fa
TDM006,nitrospira,/home/lucia_winkler/speleothem/damage_inference_core/fasta/TDM006_nitrospira.fa
TDM057,nitrospira,/home/lucia_winkler/speleothem/damage_inference_core/fasta/TDM057_nitrospira.fa
TDM010,nitrospira,/home/lucia_winkler/speleothem/damage_inference_core/fasta/TDM010_nitrospira.fa
TDM045,nitrospira,/home/lucia_winkler/speleothem/damage_inference_core/fasta/TDM045_nitrospira.fa
TDM028,nitrospira,/home/lucia_winkler/speleothem/damage_inference_core/fasta/TDM028_nitrospira.fa
TDM025,nitrospira,/home/lucia_winkler/speleothem/damage_inference_core/fasta/TDM025_nitrospira.fa
TDM046,nitrospira,/home/lucia_winkler/speleothem/damage_inference_core/fasta/TDM046_nitrospira.fa
TDM020,nitrospira,/home/lucia_winkler/speleothem/damage_inference_core/fasta/TDM020_nitrospira.fa
TDM061,nitrospira,/home/lucia_winkler/speleothem/damage_inference_core/fasta/TDM061_nitrospira.fa
TDM011,nitrospira,/home/lucia_winkler/speleothem/damage_inference_core/fasta/TDM011_nitrospira.fa
TDM039,nitrospira,/home/lucia_winkler/speleothem/damage_inference_core/fasta/TDM039_nitrospira.fa
TDM031,nitrospira,/home/lucia_winkler/speleothem/damage_inference_core/fasta/TDM031_nitrospira.fa
TDM002,nitrospira,/home/lucia_winkler/speleothem/damage_inference_core/fasta/TDM002_nitrospira.fa
TDM029,nitrospira,/home/lucia_winkler/speleothem/damage_inference_core/fasta/TDM029_nitrospira.fa
TDM004,nitrospira,/home/lucia_winkler/speleothem/damage_inference_core/fasta/TDM004_nitrospira.fa
TDM021,nitrospira,/home/lucia_winkler/speleothem/damage_inference_core/fasta/TDM021_nitrospira.fa
TDM040,nitrospira,/home/lucia_winkler/speleothem/damage_inference_core/fasta/TDM040_nitrospira.fa
TDM044,nitrospira,/home/lucia_winkler/speleothem/damage_inference_core/fasta/TDM044_nitrospira.fa
TDM048,nitrospira,/home/lucia_winkler/speleothem/damage_inference_core/fasta/TDM048_nitrospira.fa
TDM018,nitrospira,/home/lucia_winkler/speleothem/damage_inference_core/fasta/TDM018_nitrospira.fa
TDM026,nitrospira,/home/lucia_winkler/speleothem/damage_inference_core/fasta/TDM026_nitrospira.fa
TDM041,nitrospira,/home/lucia_winkler/speleothem/damage_inference_core/fasta/TDM041_nitrospira.fa
TDM032,nitrospira,/home/lucia_winkler/speleothem/damage_inference_core/fasta/TDM032_nitrospira.fa
TDM059,nitrospira,/home/lucia_winkler/speleothem/damage_inference_core/fasta/TDM059_nitrospira.fa
TDM047,nitrospira,/home/lucia_winkler/speleothem/damage_inference_core/fasta/TDM047_nitrospira.fa
TDM050,nitrospira,/home/lucia_winkler/speleothem/damage_inference_core/fasta/TDM050_nitrospira.fa
TDM058,nitrospira,/home/lucia_winkler/speleothem/damage_inference_core/fasta/TDM058_nitrospira.fa
TDM033,conexibacter,/home/lucia_winkler/speleothem/damage_inference_core/fasta/TDM033_conexibacter.fa
TDM042,conexibacter,/home/lucia_winkler/speleothem/damage_inference_core/fasta/TDM042_conexibacter.fa
TDM056,conexibacter,/home/lucia_winkler/speleothem/damage_inference_core/fasta/TDM056_conexibacter.fa
TDM030,conexibacter,/home/lucia_winkler/speleothem/damage_inference_core/fasta/TDM030_conexibacter.fa
TDM001,conexibacter,/home/lucia_winkler/speleothem/damage_inference_core/fasta/TDM001_conexibacter.fa
TDM038,conexibacter,/home/lucia_winkler/speleothem/damage_inference_core/fasta/TDM038_conexibacter.fa
TDM051,conexibacter,/home/lucia_winkler/speleothem/damage_inference_core/fasta/TDM051_conexibacter.fa
TDM017,conexibacter,/home/lucia_winkler/speleothem/damage_inference_core/fasta/TDM017_conexibacter.fa
TDM019,conexibacter,/home/lucia_winkler/speleothem/damage_inference_core/fasta/TDM019_conexibacter.fa
TDM055,conexibacter,/home/lucia_winkler/speleothem/damage_inference_core/fasta/TDM055_conexibacter.fa
TDM036,conexibacter,/home/lucia_winkler/speleothem/damage_inference_core/fasta/TDM036_conexibacter.fa
TDM003,conexibacter,/home/lucia_winkler/speleothem/damage_inference_core/fasta/TDM003_conexibacter.fa
TDM037,conexibacter,/home/lucia_winkler/speleothem/damage_inference_core/fasta/TDM037_conexibacter.fa
TDM027,conexibacter,/home/lucia_winkler/speleothem/damage_inference_core/fasta/TDM027_conexibacter.fa
TDM013,conexibacter,/home/lucia_winkler/speleothem/damage_inference_core/fasta/TDM013_conexibacter.fa
TDM053,conexibacter,/home/lucia_winkler/speleothem/damage_inference_core/fasta/TDM053_conexibacter.fa
TDM052,conexibacter,/home/lucia_winkler/speleothem/damage_inference_core/fasta/TDM052_conexibacter.fa
TDM060,conexibacter,/home/lucia_winkler/speleothem/damage_inference_core/fasta/TDM060_conexibacter.fa
TDM049,conexibacter,/home/lucia_winkler/speleothem/damage_inference_core/fasta/TDM049_conexibacter.fa
TDM005,conexibacter,/home/lucia_winkler/speleothem/damage_inference_core/fasta/TDM005_conexibacter.fa
TDM014,conexibacter,/home/lucia_winkler/speleothem/damage_inference_core/fasta/TDM014_conexibacter.fa
TDM023,conexibacter,/home/lucia_winkler/speleothem/damage_inference_core/fasta/TDM023_conexibacter.fa
TDM015,conexibacter,/home/lucia_winkler/speleothem/damage_inference_core/fasta/TDM015_conexibacter.fa
TDM054,conexibacter,/home/lucia_winkler/speleothem/damage_inference_core/fasta/TDM054_conexibacter.fa
TDM024,conexibacter,/home/lucia_winkler/speleothem/damage_inference_core/fasta/TDM024_conexibacter.fa
TDM007,conexibacter,/home/lucia_winkler/speleothem/damage_inference_core/fasta/TDM007_conexibacter.fa
TDM034,conexibacter,/home/lucia_winkler/speleothem/damage_inference_core/fasta/TDM034_conexibacter.fa
TDM016,conexibacter,/home/lucia_winkler/speleothem/damage_inference_core/fasta/TDM016_conexibacter.fa
TDM008,conexibacter,/home/lucia_winkler/speleothem/damage_inference_core/fasta/TDM008_conexibacter.fa
TDM012,conexibacter,/home/lucia_winkler/speleothem/damage_inference_core/fasta/TDM012_conexibacter.fa
TDM022,conexibacter,/home/lucia_winkler/speleothem/damage_inference_core/fasta/TDM022_conexibacter.fa
TDM035,conexibacter,/home/lucia_winkler/speleothem/damage_inference_core/fasta/TDM035_conexibacter.fa
TDM006,conexibacter,/home/lucia_winkler/speleothem/damage_inference_core/fasta/TDM006_conexibacter.fa
TDM010,conexibacter,/home/lucia_winkler/speleothem/damage_inference_core/fasta/TDM010_conexibacter.fa
TDM045,conexibacter,/home/lucia_winkler/speleothem/damage_inference_core/fasta/TDM045_conexibacter.fa
TDM028,conexibacter,/home/lucia_winkler/speleothem/damage_inference_core/fasta/TDM028_conexibacter.fa
TDM025,conexibacter,/home/lucia_winkler/speleothem/damage_inference_core/fasta/TDM025_conexibacter.fa
TDM046,conexibacter,/home/lucia_winkler/speleothem/damage_inference_core/fasta/TDM046_conexibacter.fa
TDM020,conexibacter,/home/lucia_winkler/speleothem/damage_inference_core/fasta/TDM020_conexibacter.fa
TDM011,conexibacter,/home/lucia_winkler/speleothem/damage_inference_core/fasta/TDM011_conexibacter.fa
TDM039,conexibacter,/home/lucia_winkler/speleothem/damage_inference_core/fasta/TDM039_conexibacter.fa
TDM031,conexibacter,/home/lucia_winkler/speleothem/damage_inference_core/fasta/TDM031_conexibacter.fa
TDM002,conexibacter,/home/lucia_winkler/speleothem/damage_inference_core/fasta/TDM002_conexibacter.fa
TDM029,conexibacter,/home/lucia_winkler/speleothem/damage_inference_core/fasta/TDM029_conexibacter.fa
TDM004,conexibacter,/home/lucia_winkler/speleothem/damage_inference_core/fasta/TDM004_conexibacter.fa
TDM021,conexibacter,/home/lucia_winkler/speleothem/damage_inference_core/fasta/TDM021_conexibacter.fa
TDM040,conexibacter,/home/lucia_winkler/speleothem/damage_inference_core/fasta/TDM040_conexibacter.fa
TDM048,conexibacter,/home/lucia_winkler/speleothem/damage_inference_core/fasta/TDM048_conexibacter.fa
TDM018,conexibacter,/home/lucia_winkler/speleothem/damage_inference_core/fasta/TDM018_conexibacter.fa
TDM026,conexibacter,/home/lucia_winkler/speleothem/damage_inference_core/fasta/TDM026_conexibacter.fa
TDM041,conexibacter,/home/lucia_winkler/speleothem/damage_inference_core/fasta/TDM041_conexibacter.fa
TDM032,conexibacter,/home/lucia_winkler/speleothem/damage_inference_core/fasta/TDM032_conexibacter.fa
TDM059,conexibacter,/home/lucia_winkler/speleothem/damage_inference_core/fasta/TDM059_conexibacter.fa
TDM047,conexibacter,/home/lucia_winkler/speleothem/damage_inference_core/fasta/TDM047_conexibacter.fa
TDM050,conexibacter,/home/lucia_winkler/speleothem/damage_inference_core/fasta/TDM050_conexibacter.fa
TDM058,conexibacter,/home/lucia_winkler/speleothem/damage_inference_core/fasta/TDM058_conexibacter.fa
TDM033,piscinibacter,/home/lucia_winkler/speleothem/damage_inference_core/fasta/TDM033_piscinibacter.fa
TDM042,piscinibacter,/home/lucia_winkler/speleothem/damage_inference_core/fasta/TDM042_piscinibacter.fa
TDM030,piscinibacter,/home/lucia_winkler/speleothem/damage_inference_core/fasta/TDM030_piscinibacter.fa
TDM001,piscinibacter,/home/lucia_winkler/speleothem/damage_inference_core/fasta/TDM001_piscinibacter.fa
TDM038,piscinibacter,/home/lucia_winkler/speleothem/damage_inference_core/fasta/TDM038_piscinibacter.fa
TDM051,piscinibacter,/home/lucia_winkler/speleothem/damage_inference_core/fasta/TDM051_piscinibacter.fa
TDM017,piscinibacter,/home/lucia_winkler/speleothem/damage_inference_core/fasta/TDM017_piscinibacter.fa
TDM019,piscinibacter,/home/lucia_winkler/speleothem/damage_inference_core/fasta/TDM019_piscinibacter.fa
TDM036,piscinibacter,/home/lucia_winkler/speleothem/damage_inference_core/fasta/TDM036_piscinibacter.fa
TDM003,piscinibacter,/home/lucia_winkler/speleothem/damage_inference_core/fasta/TDM003_piscinibacter.fa
TDM037,piscinibacter,/home/lucia_winkler/speleothem/damage_inference_core/fasta/TDM037_piscinibacter.fa
TDM027,piscinibacter,/home/lucia_winkler/speleothem/damage_inference_core/fasta/TDM027_piscinibacter.fa
TDM013,piscinibacter,/home/lucia_winkler/speleothem/damage_inference_core/fasta/TDM013_piscinibacter.fa
TDM053,piscinibacter,/home/lucia_winkler/speleothem/damage_inference_core/fasta/TDM053_piscinibacter.fa
TDM052,piscinibacter,/home/lucia_winkler/speleothem/damage_inference_core/fasta/TDM052_piscinibacter.fa
TDM060,piscinibacter,/home/lucia_winkler/speleothem/damage_inference_core/fasta/TDM060_piscinibacter.fa
TDM049,piscinibacter,/home/lucia_winkler/speleothem/damage_inference_core/fasta/TDM049_piscinibacter.fa
TDM005,piscinibacter,/home/lucia_winkler/speleothem/damage_inference_core/fasta/TDM005_piscinibacter.fa
TDM014,piscinibacter,/home/lucia_winkler/speleothem/damage_inference_core/fasta/TDM014_piscinibacter.fa
TDM015,piscinibacter,/home/lucia_winkler/speleothem/damage_inference_core/fasta/TDM015_piscinibacter.fa
TDM054,piscinibacter,/home/lucia_winkler/speleothem/damage_inference_core/fasta/TDM054_piscinibacter.fa
TDM024,piscinibacter,/home/lucia_winkler/speleothem/damage_inference_core/fasta/TDM024_piscinibacter.fa
TDM007,piscinibacter,/home/lucia_winkler/speleothem/damage_inference_core/fasta/TDM007_piscinibacter.fa
TDM034,piscinibacter,/home/lucia_winkler/speleothem/damage_inference_core/fasta/TDM034_piscinibacter.fa
TDM016,piscinibacter,/home/lucia_winkler/speleothem/damage_inference_core/fasta/TDM016_piscinibacter.fa
TDM008,piscinibacter,/home/lucia_winkler/speleothem/damage_inference_core/fasta/TDM008_piscinibacter.fa
TDM012,piscinibacter,/home/lucia_winkler/speleothem/damage_inference_core/fasta/TDM012_piscinibacter.fa
TDM022,piscinibacter,/home/lucia_winkler/speleothem/damage_inference_core/fasta/TDM022_piscinibacter.fa
TDM035,piscinibacter,/home/lucia_winkler/speleothem/damage_inference_core/fasta/TDM035_piscinibacter.fa
TDM006,piscinibacter,/home/lucia_winkler/speleothem/damage_inference_core/fasta/TDM006_piscinibacter.fa
TDM057,piscinibacter,/home/lucia_winkler/speleothem/damage_inference_core/fasta/TDM057_piscinibacter.fa
TDM010,piscinibacter,/home/lucia_winkler/speleothem/damage_inference_core/fasta/TDM010_piscinibacter.fa
TDM045,piscinibacter,/home/lucia_winkler/speleothem/damage_inference_core/fasta/TDM045_piscinibacter.fa
TDM028,piscinibacter,/home/lucia_winkler/speleothem/damage_inference_core/fasta/TDM028_piscinibacter.fa
TDM025,piscinibacter,/home/lucia_winkler/speleothem/damage_inference_core/fasta/TDM025_piscinibacter.fa
TDM046,piscinibacter,/home/lucia_winkler/speleothem/damage_inference_core/fasta/TDM046_piscinibacter.fa
TDM020,piscinibacter,/home/lucia_winkler/speleothem/damage_inference_core/fasta/TDM020_piscinibacter.fa
TDM061,piscinibacter,/home/lucia_winkler/speleothem/damage_inference_core/fasta/TDM061_piscinibacter.fa
TDM011,piscinibacter,/home/lucia_winkler/speleothem/damage_inference_core/fasta/TDM011_piscinibacter.fa
TDM039,piscinibacter,/home/lucia_winkler/speleothem/damage_inference_core/fasta/TDM039_piscinibacter.fa
TDM031,piscinibacter,/home/lucia_winkler/speleothem/damage_inference_core/fasta/TDM031_piscinibacter.fa
TDM002,piscinibacter,/home/lucia_winkler/speleothem/damage_inference_core/fasta/TDM002_piscinibacter.fa
TDM029,piscinibacter,/home/lucia_winkler/speleothem/damage_inference_core/fasta/TDM029_piscinibacter.fa
TDM004,piscinibacter,/home/lucia_winkler/speleothem/damage_inference_core/fasta/TDM004_piscinibacter.fa
TDM021,piscinibacter,/home/lucia_winkler/speleothem/damage_inference_core/fasta/TDM021_piscinibacter.fa
TDM040,piscinibacter,/home/lucia_winkler/speleothem/damage_inference_core/fasta/TDM040_piscinibacter.fa
TDM044,piscinibacter,/home/lucia_winkler/speleothem/damage_inference_core/fasta/TDM044_piscinibacter.fa
TDM048,piscinibacter,/home/lucia_winkler/speleothem/damage_inference_core/fasta/TDM048_piscinibacter.fa
TDM018,piscinibacter,/home/lucia_winkler/speleothem/damage_inference_core/fasta/TDM018_piscinibacter.fa
TDM026,piscinibacter,/home/lucia_winkler/speleothem/damage_inference_core/fasta/TDM026_piscinibacter.fa
TDM041,piscinibacter,/home/lucia_winkler/speleothem/damage_inference_core/fasta/TDM041_piscinibacter.fa
TDM032,piscinibacter,/home/lucia_winkler/speleothem/damage_inference_core/fasta/TDM032_piscinibacter.fa
TDM059,piscinibacter,/home/lucia_winkler/speleothem/damage_inference_core/fasta/TDM059_piscinibacter.fa
TDM047,piscinibacter,/home/lucia_winkler/speleothem/damage_inference_core/fasta/TDM047_piscinibacter.fa
TDM050,piscinibacter,/home/lucia_winkler/speleothem/damage_inference_core/fasta/TDM050_piscinibacter.fa
TDM058,piscinibacter,/home/lucia_winkler/speleothem/damage_inference_core/fasta/TDM058_piscinibacter.fa
TDM033,candidatus_nitrosotenuis,/home/lucia_winkler/speleothem/damage_inference_core/fasta/TDM033_candidatus_nitrosotenuis.fa
TDM042,candidatus_nitrosotenuis,/home/lucia_winkler/speleothem/damage_inference_core/fasta/TDM042_candidatus_nitrosotenuis.fa
TDM056,candidatus_nitrosotenuis,/home/lucia_winkler/speleothem/damage_inference_core/fasta/TDM056_candidatus_nitrosotenuis.fa
TDM030,candidatus_nitrosotenuis,/home/lucia_winkler/speleothem/damage_inference_core/fasta/TDM030_candidatus_nitrosotenuis.fa
TDM001,candidatus_nitrosotenuis,/home/lucia_winkler/speleothem/damage_inference_core/fasta/TDM001_candidatus_nitrosotenuis.fa
TDM038,candidatus_nitrosotenuis,/home/lucia_winkler/speleothem/damage_inference_core/fasta/TDM038_candidatus_nitrosotenuis.fa
TDM051,candidatus_nitrosotenuis,/home/lucia_winkler/speleothem/damage_inference_core/fasta/TDM051_candidatus_nitrosotenuis.fa
TDM017,candidatus_nitrosotenuis,/home/lucia_winkler/speleothem/damage_inference_core/fasta/TDM017_candidatus_nitrosotenuis.fa
TDM019,candidatus_nitrosotenuis,/home/lucia_winkler/speleothem/damage_inference_core/fasta/TDM019_candidatus_nitrosotenuis.fa
TDM055,candidatus_nitrosotenuis,/home/lucia_winkler/speleothem/damage_inference_core/fasta/TDM055_candidatus_nitrosotenuis.fa
TDM036,candidatus_nitrosotenuis,/home/lucia_winkler/speleothem/damage_inference_core/fasta/TDM036_candidatus_nitrosotenuis.fa
TDM003,candidatus_nitrosotenuis,/home/lucia_winkler/speleothem/damage_inference_core/fasta/TDM003_candidatus_nitrosotenuis.fa
TDM037,candidatus_nitrosotenuis,/home/lucia_winkler/speleothem/damage_inference_core/fasta/TDM037_candidatus_nitrosotenuis.fa
TDM027,candidatus_nitrosotenuis,/home/lucia_winkler/speleothem/damage_inference_core/fasta/TDM027_candidatus_nitrosotenuis.fa
TDM013,candidatus_nitrosotenuis,/home/lucia_winkler/speleothem/damage_inference_core/fasta/TDM013_candidatus_nitrosotenuis.fa
TDM053,candidatus_nitrosotenuis,/home/lucia_winkler/speleothem/damage_inference_core/fasta/TDM053_candidatus_nitrosotenuis.fa
TDM052,candidatus_nitrosotenuis,/home/lucia_winkler/speleothem/damage_inference_core/fasta/TDM052_candidatus_nitrosotenuis.fa
TDM060,candidatus_nitrosotenuis,/home/lucia_winkler/speleothem/damage_inference_core/fasta/TDM060_candidatus_nitrosotenuis.fa
TDM049,candidatus_nitrosotenuis,/home/lucia_winkler/speleothem/damage_inference_core/fasta/TDM049_candidatus_nitrosotenuis.fa
TDM005,candidatus_nitrosotenuis,/home/lucia_winkler/speleothem/damage_inference_core/fasta/TDM005_candidatus_nitrosotenuis.fa
TDM014,candidatus_nitrosotenuis,/home/lucia_winkler/speleothem/damage_inference_core/fasta/TDM014_candidatus_nitrosotenuis.fa
TDM023,candidatus_nitrosotenuis,/home/lucia_winkler/speleothem/damage_inference_core/fasta/TDM023_candidatus_nitrosotenuis.fa
TDM015,candidatus_nitrosotenuis,/home/lucia_winkler/speleothem/damage_inference_core/fasta/TDM015_candidatus_nitrosotenuis.fa
TDM054,candidatus_nitrosotenuis,/home/lucia_winkler/speleothem/damage_inference_core/fasta/TDM054_candidatus_nitrosotenuis.fa
TDM024,candidatus_nitrosotenuis,/home/lucia_winkler/speleothem/damage_inference_core/fasta/TDM024_candidatus_nitrosotenuis.fa
TDM007,candidatus_nitrosotenuis,/home/lucia_winkler/speleothem/damage_inference_core/fasta/TDM007_candidatus_nitrosotenuis.fa
TDM034,candidatus_nitrosotenuis,/home/lucia_winkler/speleothem/damage_inference_core/fasta/TDM034_candidatus_nitrosotenuis.fa
TDM016,candidatus_nitrosotenuis,/home/lucia_winkler/speleothem/damage_inference_core/fasta/TDM016_candidatus_nitrosotenuis.fa
TDM012,candidatus_nitrosotenuis,/home/lucia_winkler/speleothem/damage_inference_core/fasta/TDM012_candidatus_nitrosotenuis.fa
TDM022,candidatus_nitrosotenuis,/home/lucia_winkler/speleothem/damage_inference_core/fasta/TDM022_candidatus_nitrosotenuis.fa
TDM035,candidatus_nitrosotenuis,/home/lucia_winkler/speleothem/damage_inference_core/fasta/TDM035_candidatus_nitrosotenuis.fa
TDM006,candidatus_nitrosotenuis,/home/lucia_winkler/speleothem/damage_inference_core/fasta/TDM006_candidatus_nitrosotenuis.fa
TDM057,candidatus_nitrosotenuis,/home/lucia_winkler/speleothem/damage_inference_core/fasta/TDM057_candidatus_nitrosotenuis.fa
TDM010,candidatus_nitrosotenuis,/home/lucia_winkler/speleothem/damage_inference_core/fasta/TDM010_candidatus_nitrosotenuis.fa
TDM045,candidatus_nitrosotenuis,/home/lucia_winkler/speleothem/damage_inference_core/fasta/TDM045_candidatus_nitrosotenuis.fa
TDM028,candidatus_nitrosotenuis,/home/lucia_winkler/speleothem/damage_inference_core/fasta/TDM028_candidatus_nitrosotenuis.fa
TDM025,candidatus_nitrosotenuis,/home/lucia_winkler/speleothem/damage_inference_core/fasta/TDM025_candidatus_nitrosotenuis.fa
TDM046,candidatus_nitrosotenuis,/home/lucia_winkler/speleothem/damage_inference_core/fasta/TDM046_candidatus_nitrosotenuis.fa
TDM020,candidatus_nitrosotenuis,/home/lucia_winkler/speleothem/damage_inference_core/fasta/TDM020_candidatus_nitrosotenuis.fa
TDM011,candidatus_nitrosotenuis,/home/lucia_winkler/speleothem/damage_inference_core/fasta/TDM011_candidatus_nitrosotenuis.fa
TDM039,candidatus_nitrosotenuis,/home/lucia_winkler/speleothem/damage_inference_core/fasta/TDM039_candidatus_nitrosotenuis.fa
TDM031,candidatus_nitrosotenuis,/home/lucia_winkler/speleothem/damage_inference_core/fasta/TDM031_candidatus_nitrosotenuis.fa
TDM002,candidatus_nitrosotenuis,/home/lucia_winkler/speleothem/damage_inference_core/fasta/TDM002_candidatus_nitrosotenuis.fa
TDM029,candidatus_nitrosotenuis,/home/lucia_winkler/speleothem/damage_inference_core/fasta/TDM029_candidatus_nitrosotenuis.fa
TDM004,candidatus_nitrosotenuis,/home/lucia_winkler/speleothem/damage_inference_core/fasta/TDM004_candidatus_nitrosotenuis.fa
TDM021,candidatus_nitrosotenuis,/home/lucia_winkler/speleothem/damage_inference_core/fasta/TDM021_candidatus_nitrosotenuis.fa
TDM040,candidatus_nitrosotenuis,/home/lucia_winkler/speleothem/damage_inference_core/fasta/TDM040_candidatus_nitrosotenuis.fa
TDM044,candidatus_nitrosotenuis,/home/lucia_winkler/speleothem/damage_inference_core/fasta/TDM044_candidatus_nitrosotenuis.fa
TDM048,candidatus_nitrosotenuis,/home/lucia_winkler/speleothem/damage_inference_core/fasta/TDM048_candidatus_nitrosotenuis.fa
TDM018,candidatus_nitrosotenuis,/home/lucia_winkler/speleothem/damage_inference_core/fasta/TDM018_candidatus_nitrosotenuis.fa
TDM026,candidatus_nitrosotenuis,/home/lucia_winkler/speleothem/damage_inference_core/fasta/TDM026_candidatus_nitrosotenuis.fa
TDM041,candidatus_nitrosotenuis,/home/lucia_winkler/speleothem/damage_inference_core/fasta/TDM041_candidatus_nitrosotenuis.fa
TDM032,candidatus_nitrosotenuis,/home/lucia_winkler/speleothem/damage_inference_core/fasta/TDM032_candidatus_nitrosotenuis.fa
TDM059,candidatus_nitrosotenuis,/home/lucia_winkler/speleothem/damage_inference_core/fasta/TDM059_candidatus_nitrosotenuis.fa
TDM047,candidatus_nitrosotenuis,/home/lucia_winkler/speleothem/damage_inference_core/fasta/TDM047_candidatus_nitrosotenuis.fa
TDM050,candidatus_nitrosotenuis,/home/lucia_winkler/speleothem/damage_inference_core/fasta/TDM050_candidatus_nitrosotenuis.fa
TDM058,candidatus_nitrosotenuis,/home/lucia_winkler/speleothem/damage_inference_core/fasta/TDM058_candidatus_nitrosotenuis.fa
TDM033,nitrosotalea,/home/lucia_winkler/speleothem/damage_inference_core/fasta/TDM033_nitrosotalea.fa
TDM042,nitrosotalea,/home/lucia_winkler/speleothem/damage_inference_core/fasta/TDM042_nitrosotalea.fa
TDM056,nitrosotalea,/home/lucia_winkler/speleothem/damage_inference_core/fasta/TDM056_nitrosotalea.fa
TDM030,nitrosotalea,/home/lucia_winkler/speleothem/damage_inference_core/fasta/TDM030_nitrosotalea.fa
TDM001,nitrosotalea,/home/lucia_winkler/speleothem/damage_inference_core/fasta/TDM001_nitrosotalea.fa
TDM038,nitrosotalea,/home/lucia_winkler/speleothem/damage_inference_core/fasta/TDM038_nitrosotalea.fa
TDM051,nitrosotalea,/home/lucia_winkler/speleothem/damage_inference_core/fasta/TDM051_nitrosotalea.fa
TDM017,nitrosotalea,/home/lucia_winkler/speleothem/damage_inference_core/fasta/TDM017_nitrosotalea.fa
TDM019,nitrosotalea,/home/lucia_winkler/speleothem/damage_inference_core/fasta/TDM019_nitrosotalea.fa
TDM055,nitrosotalea,/home/lucia_winkler/speleothem/damage_inference_core/fasta/TDM055_nitrosotalea.fa
TDM036,nitrosotalea,/home/lucia_winkler/speleothem/damage_inference_core/fasta/TDM036_nitrosotalea.fa
TDM003,nitrosotalea,/home/lucia_winkler/speleothem/damage_inference_core/fasta/TDM003_nitrosotalea.fa
TDM037,nitrosotalea,/home/lucia_winkler/speleothem/damage_inference_core/fasta/TDM037_nitrosotalea.fa
TDM027,nitrosotalea,/home/lucia_winkler/speleothem/damage_inference_core/fasta/TDM027_nitrosotalea.fa
TDM013,nitrosotalea,/home/lucia_winkler/speleothem/damage_inference_core/fasta/TDM013_nitrosotalea.fa
TDM053,nitrosotalea,/home/lucia_winkler/speleothem/damage_inference_core/fasta/TDM053_nitrosotalea.fa
TDM052,nitrosotalea,/home/lucia_winkler/speleothem/damage_inference_core/fasta/TDM052_nitrosotalea.fa
TDM060,nitrosotalea,/home/lucia_winkler/speleothem/damage_inference_core/fasta/TDM060_nitrosotalea.fa
TDM005,nitrosotalea,/home/lucia_winkler/speleothem/damage_inference_core/fasta/TDM005_nitrosotalea.fa
TDM043,nitrosotalea,/home/lucia_winkler/speleothem/damage_inference_core/fasta/TDM043_nitrosotalea.fa
TDM014,nitrosotalea,/home/lucia_winkler/speleothem/damage_inference_core/fasta/TDM014_nitrosotalea.fa
TDM023,nitrosotalea,/home/lucia_winkler/speleothem/damage_inference_core/fasta/TDM023_nitrosotalea.fa
TDM015,nitrosotalea,/home/lucia_winkler/speleothem/damage_inference_core/fasta/TDM015_nitrosotalea.fa
TDM054,nitrosotalea,/home/lucia_winkler/speleothem/damage_inference_core/fasta/TDM054_nitrosotalea.fa
TDM024,nitrosotalea,/home/lucia_winkler/speleothem/damage_inference_core/fasta/TDM024_nitrosotalea.fa
TDM007,nitrosotalea,/home/lucia_winkler/speleothem/damage_inference_core/fasta/TDM007_nitrosotalea.fa
TDM034,nitrosotalea,/home/lucia_winkler/speleothem/damage_inference_core/fasta/TDM034_nitrosotalea.fa
TDM016,nitrosotalea,/home/lucia_winkler/speleothem/damage_inference_core/fasta/TDM016_nitrosotalea.fa
TDM008,nitrosotalea,/home/lucia_winkler/speleothem/damage_inference_core/fasta/TDM008_nitrosotalea.fa
TDM012,nitrosotalea,/home/lucia_winkler/speleothem/damage_inference_core/fasta/TDM012_nitrosotalea.fa
TDM022,nitrosotalea,/home/lucia_winkler/speleothem/damage_inference_core/fasta/TDM022_nitrosotalea.fa
TDM006,nitrosotalea,/home/lucia_winkler/speleothem/damage_inference_core/fasta/TDM006_nitrosotalea.fa
TDM057,nitrosotalea,/home/lucia_winkler/speleothem/damage_inference_core/fasta/TDM057_nitrosotalea.fa
TDM010,nitrosotalea,/home/lucia_winkler/speleothem/damage_inference_core/fasta/TDM010_nitrosotalea.fa
TDM045,nitrosotalea,/home/lucia_winkler/speleothem/damage_inference_core/fasta/TDM045_nitrosotalea.fa
TDM028,nitrosotalea,/home/lucia_winkler/speleothem/damage_inference_core/fasta/TDM028_nitrosotalea.fa
TDM025,nitrosotalea,/home/lucia_winkler/speleothem/damage_inference_core/fasta/TDM025_nitrosotalea.fa
TDM046,nitrosotalea,/home/lucia_winkler/speleothem/damage_inference_core/fasta/TDM046_nitrosotalea.fa
TDM020,nitrosotalea,/home/lucia_winkler/speleothem/damage_inference_core/fasta/TDM020_nitrosotalea.fa
TDM011,nitrosotalea,/home/lucia_winkler/speleothem/damage_inference_core/fasta/TDM011_nitrosotalea.fa
TDM039,nitrosotalea,/home/lucia_winkler/speleothem/damage_inference_core/fasta/TDM039_nitrosotalea.fa
TDM031,nitrosotalea,/home/lucia_winkler/speleothem/damage_inference_core/fasta/TDM031_nitrosotalea.fa
TDM002,nitrosotalea,/home/lucia_winkler/speleothem/damage_inference_core/fasta/TDM002_nitrosotalea.fa
TDM029,nitrosotalea,/home/lucia_winkler/speleothem/damage_inference_core/fasta/TDM029_nitrosotalea.fa
TDM004,nitrosotalea,/home/lucia_winkler/speleothem/damage_inference_core/fasta/TDM004_nitrosotalea.fa
TDM021,nitrosotalea,/home/lucia_winkler/speleothem/damage_inference_core/fasta/TDM021_nitrosotalea.fa
TDM040,nitrosotalea,/home/lucia_winkler/speleothem/damage_inference_core/fasta/TDM040_nitrosotalea.fa
TDM044,nitrosotalea,/home/lucia_winkler/speleothem/damage_inference_core/fasta/TDM044_nitrosotalea.fa
TDM048,nitrosotalea,/home/lucia_winkler/speleothem/damage_inference_core/fasta/TDM048_nitrosotalea.fa
TDM018,nitrosotalea,/home/lucia_winkler/speleothem/damage_inference_core/fasta/TDM018_nitrosotalea.fa
TDM026,nitrosotalea,/home/lucia_winkler/speleothem/damage_inference_core/fasta/TDM026_nitrosotalea.fa
TDM041,nitrosotalea,/home/lucia_winkler/speleothem/damage_inference_core/fasta/TDM041_nitrosotalea.fa
TDM032,nitrosotalea,/home/lucia_winkler/speleothem/damage_inference_core/fasta/TDM032_nitrosotalea.fa
TDM059,nitrosotalea,/home/lucia_winkler/speleothem/damage_inference_core/fasta/TDM059_nitrosotalea.fa
TDM047,nitrosotalea,/home/lucia_winkler/speleothem/damage_inference_core/fasta/TDM047_nitrosotalea.fa
TDM050,nitrosotalea,/home/lucia_winkler/speleothem/damage_inference_core/fasta/TDM050_nitrosotalea.fa
TDM058,nitrosotalea,/home/lucia_winkler/speleothem/damage_inference_core/fasta/TDM058_nitrosotalea.fa
TDM033,candidatus_methylomirabilis,/home/lucia_winkler/speleothem/damage_inference_core/fasta/TDM033_candidatus_methylomirabilis.fa
TDM042,candidatus_methylomirabilis,/home/lucia_winkler/speleothem/damage_inference_core/fasta/TDM042_candidatus_methylomirabilis.fa
TDM056,candidatus_methylomirabilis,/home/lucia_winkler/speleothem/damage_inference_core/fasta/TDM056_candidatus_methylomirabilis.fa
TDM030,candidatus_methylomirabilis,/home/lucia_winkler/speleothem/damage_inference_core/fasta/TDM030_candidatus_methylomirabilis.fa
TDM038,candidatus_methylomirabilis,/home/lucia_winkler/speleothem/damage_inference_core/fasta/TDM038_candidatus_methylomirabilis.fa
TDM051,candidatus_methylomirabilis,/home/lucia_winkler/speleothem/damage_inference_core/fasta/TDM051_candidatus_methylomirabilis.fa
TDM017,candidatus_methylomirabilis,/home/lucia_winkler/speleothem/damage_inference_core/fasta/TDM017_candidatus_methylomirabilis.fa
TDM019,candidatus_methylomirabilis,/home/lucia_winkler/speleothem/damage_inference_core/fasta/TDM019_candidatus_methylomirabilis.fa
TDM055,candidatus_methylomirabilis,/home/lucia_winkler/speleothem/damage_inference_core/fasta/TDM055_candidatus_methylomirabilis.fa
TDM036,candidatus_methylomirabilis,/home/lucia_winkler/speleothem/damage_inference_core/fasta/TDM036_candidatus_methylomirabilis.fa
TDM003,candidatus_methylomirabilis,/home/lucia_winkler/speleothem/damage_inference_core/fasta/TDM003_candidatus_methylomirabilis.fa
TDM037,candidatus_methylomirabilis,/home/lucia_winkler/speleothem/damage_inference_core/fasta/TDM037_candidatus_methylomirabilis.fa
TDM027,candidatus_methylomirabilis,/home/lucia_winkler/speleothem/damage_inference_core/fasta/TDM027_candidatus_methylomirabilis.fa
TDM013,candidatus_methylomirabilis,/home/lucia_winkler/speleothem/damage_inference_core/fasta/TDM013_candidatus_methylomirabilis.fa
TDM053,candidatus_methylomirabilis,/home/lucia_winkler/speleothem/damage_inference_core/fasta/TDM053_candidatus_methylomirabilis.fa
TDM052,candidatus_methylomirabilis,/home/lucia_winkler/speleothem/damage_inference_core/fasta/TDM052_candidatus_methylomirabilis.fa
TDM060,candidatus_methylomirabilis,/home/lucia_winkler/speleothem/damage_inference_core/fasta/TDM060_candidatus_methylomirabilis.fa
TDM049,candidatus_methylomirabilis,/home/lucia_winkler/speleothem/damage_inference_core/fasta/TDM049_candidatus_methylomirabilis.fa
TDM005,candidatus_methylomirabilis,/home/lucia_winkler/speleothem/damage_inference_core/fasta/TDM005_candidatus_methylomirabilis.fa
TDM043,candidatus_methylomirabilis,/home/lucia_winkler/speleothem/damage_inference_core/fasta/TDM043_candidatus_methylomirabilis.fa
TDM014,candidatus_methylomirabilis,/home/lucia_winkler/speleothem/damage_inference_core/fasta/TDM014_candidatus_methylomirabilis.fa
TDM023,candidatus_methylomirabilis,/home/lucia_winkler/speleothem/damage_inference_core/fasta/TDM023_candidatus_methylomirabilis.fa
TDM015,candidatus_methylomirabilis,/home/lucia_winkler/speleothem/damage_inference_core/fasta/TDM015_candidatus_methylomirabilis.fa
TDM054,candidatus_methylomirabilis,/home/lucia_winkler/speleothem/damage_inference_core/fasta/TDM054_candidatus_methylomirabilis.fa
TDM024,candidatus_methylomirabilis,/home/lucia_winkler/speleothem/damage_inference_core/fasta/TDM024_candidatus_methylomirabilis.fa
TDM007,candidatus_methylomirabilis,/home/lucia_winkler/speleothem/damage_inference_core/fasta/TDM007_candidatus_methylomirabilis.fa
TDM034,candidatus_methylomirabilis,/home/lucia_winkler/speleothem/damage_inference_core/fasta/TDM034_candidatus_methylomirabilis.fa
TDM016,candidatus_methylomirabilis,/home/lucia_winkler/speleothem/damage_inference_core/fasta/TDM016_candidatus_methylomirabilis.fa
TDM008,candidatus_methylomirabilis,/home/lucia_winkler/speleothem/damage_inference_core/fasta/TDM008_candidatus_methylomirabilis.fa
TDM012,candidatus_methylomirabilis,/home/lucia_winkler/speleothem/damage_inference_core/fasta/TDM012_candidatus_methylomirabilis.fa
TDM022,candidatus_methylomirabilis,/home/lucia_winkler/speleothem/damage_inference_core/fasta/TDM022_candidatus_methylomirabilis.fa
TDM035,candidatus_methylomirabilis,/home/lucia_winkler/speleothem/damage_inference_core/fasta/TDM035_candidatus_methylomirabilis.fa
TDM006,candidatus_methylomirabilis,/home/lucia_winkler/speleothem/damage_inference_core/fasta/TDM006_candidatus_methylomirabilis.fa
TDM010,candidatus_methylomirabilis,/home/lucia_winkler/speleothem/damage_inference_core/fasta/TDM010_candidatus_methylomirabilis.fa
TDM045,candidatus_methylomirabilis,/home/lucia_winkler/speleothem/damage_inference_core/fasta/TDM045_candidatus_methylomirabilis.fa
TDM028,candidatus_methylomirabilis,/home/lucia_winkler/speleothem/damage_inference_core/fasta/TDM028_candidatus_methylomirabilis.fa
TDM025,candidatus_methylomirabilis,/home/lucia_winkler/speleothem/damage_inference_core/fasta/TDM025_candidatus_methylomirabilis.fa
TDM046,candidatus_methylomirabilis,/home/lucia_winkler/speleothem/damage_inference_core/fasta/TDM046_candidatus_methylomirabilis.fa
TDM020,candidatus_methylomirabilis,/home/lucia_winkler/speleothem/damage_inference_core/fasta/TDM020_candidatus_methylomirabilis.fa
TDM061,candidatus_methylomirabilis,/home/lucia_winkler/speleothem/damage_inference_core/fasta/TDM061_candidatus_methylomirabilis.fa
TDM011,candidatus_methylomirabilis,/home/lucia_winkler/speleothem/damage_inference_core/fasta/TDM011_candidatus_methylomirabilis.fa
TDM039,candidatus_methylomirabilis,/home/lucia_winkler/speleothem/damage_inference_core/fasta/TDM039_candidatus_methylomirabilis.fa
TDM031,candidatus_methylomirabilis,/home/lucia_winkler/speleothem/damage_inference_core/fasta/TDM031_candidatus_methylomirabilis.fa
TDM002,candidatus_methylomirabilis,/home/lucia_winkler/speleothem/damage_inference_core/fasta/TDM002_candidatus_methylomirabilis.fa
TDM029,candidatus_methylomirabilis,/home/lucia_winkler/speleothem/damage_inference_core/fasta/TDM029_candidatus_methylomirabilis.fa
TDM004,candidatus_methylomirabilis,/home/lucia_winkler/speleothem/damage_inference_core/fasta/TDM004_candidatus_methylomirabilis.fa
TDM021,candidatus_methylomirabilis,/home/lucia_winkler/speleothem/damage_inference_core/fasta/TDM021_candidatus_methylomirabilis.fa
TDM040,candidatus_methylomirabilis,/home/lucia_winkler/speleothem/damage_inference_core/fasta/TDM040_candidatus_methylomirabilis.fa
TDM048,candidatus_methylomirabilis,/home/lucia_winkler/speleothem/damage_inference_core/fasta/TDM048_candidatus_methylomirabilis.fa
TDM018,candidatus_methylomirabilis,/home/lucia_winkler/speleothem/damage_inference_core/fasta/TDM018_candidatus_methylomirabilis.fa
TDM026,candidatus_methylomirabilis,/home/lucia_winkler/speleothem/damage_inference_core/fasta/TDM026_candidatus_methylomirabilis.fa
TDM041,candidatus_methylomirabilis,/home/lucia_winkler/speleothem/damage_inference_core/fasta/TDM041_candidatus_methylomirabilis.fa
TDM032,candidatus_methylomirabilis,/home/lucia_winkler/speleothem/damage_inference_core/fasta/TDM032_candidatus_methylomirabilis.fa
TDM047,candidatus_methylomirabilis,/home/lucia_winkler/speleothem/damage_inference_core/fasta/TDM047_candidatus_methylomirabilis.fa
TDM050,candidatus_methylomirabilis,/home/lucia_winkler/speleothem/damage_inference_core/fasta/TDM050_candidatus_methylomirabilis.fa
