#Notes:;;;;
#Stalage + and Stalage - are upper and lower 95% CI;;;;
#Age in yrs BP = years before 1950 CE;;;;
Depth from top of stal (mm);Depth (cm);Age (yrs BP);Stalage +;Stalage -
0,25;0,025;80;89;71
0,75;0,075;108;117;100
1,25;0,125;136;145;128
1,75;0,175;165;173;156
2,25;0,225;193;201;184
2,75;0,275;221;229;212
3,25;0,325;249;257;240
3,75;0,375;277;286;268
4,25;0,425;305;316;296
4,75;0,475;333;347;323
5,25;0,525;361;382;351
5,75;0,575;389;421;378
6,25;0,625;417;465;406
6,75;0,675;446;514;434
7,25;0,725;474;565;461
7,75;0,775;502;613;489
8,25;0,825;530;654;517
8,75;0,875;559;689;544
9,25;0,925;587;718;571
9,75;0,975;615;745;598
10,25;1,025;644;771;626
10,75;1,075;672;796;653
11,25;1,125;701;823;680
11,75;1,175;729;850;708
12,25;1,225;758;878;735
12,75;1,275;787;906;763
13,25;1,325;816;934;791
13,75;1,375;845;961;818
14,25;1,425;874;987;846
14,75;1,475;903;1011;874
15,25;1,525;932;1035;901
15,75;1,575;961;1058;929
16,25;1,625;990;1082;956
16,75;1,675;1020;1107;984
17,25;1,725;1049;1132;1011
17,75;1,775;1077;1158;1038
18,25;1,825;1105;1183;1065
18,75;1,875;1132;1208;1093
19,25;1,925;1159;1233;1120
19,75;1,975;1186;1257;1147
20,25;2,025;1214;1281;1174
20,75;2,075;1241;1305;1201
21,25;2,125;1268;1329;1228
21,75;2,175;1296;1353;1254
22,25;2,225;1323;1377;1281
22,75;2,275;1350;1401;1307
23,25;2,325;1376;1426;1333
23,75;2,375;1403;1451;1359
24,25;2,425;1429;1476;1385
24,75;2,475;1456;1502;1411
25,25;2,525;1483;1528;1437
25,75;2,575;1509;1555;1462
26,25;2,625;1536;1582;1488
26,75;2,675;1562;1609;1513
27,25;2,725;1588;1637;1538
27,75;2,775;1614;1665;1562
28,25;2,825;1640;1693;1587
28,75;2,875;1665;1722;1612
29,25;2,925;1691;1750;1636
29,75;2,975;1716;1779;1661
30,25;3,025;1742;1808;1686
30,75;3,075;1768;1837;1710
31,25;3,125;1793;1866;1735
31,75;3,175;1819;1895;1759
32,25;3,225;1844;1923;1784
32,75;3,275;1868;1952;1808
33,25;3,325;1893;1981;1833
33,75;3,375;1917;2009;1858
34,25;3,425;1941;2038;1882
34,75;3,475;1964;2067;1907
35,25;3,525;1988;2095;1931
35,75;3,575;2011;2124;1955
36,25;3,625;2034;2152;1980
36,75;3,675;2057;2181;2004
37,25;3,725;2079;2209;2028
37,75;3,775;2101;2237;2053
38,25;3,825;2123;2266;2077
38,75;3,875;2146;2295;2101
39,25;3,925;2168;2324;2125
39,75;3,975;2191;2350;2149
40,25;4,025;2214;2373;2173
40,75;4,075;2237;2393;2197
41,25;4,125;2260;2414;2221
41,75;4,175;2283;2436;2245
42,25;4,225;2307;2463;2270
42,75;4,275;2330;2493;2294
43,25;4,325;2354;2519;2318
43,75;4,375;2378;2529;2342
44,25;4,425;2402;2531;2366
44,75;4,475;2426;2531;2391
45,25;4,525;2450;2531;2415
45,75;4,575;2474;2531;2439
46,25;4,625;2498;2533;2464
46,75;4,675;2523;2541;2488
47,25;4,725;2547;2564;2513
47,75;4,775;2571;2598;2537
48,25;4,825;2596;2635;2562
48,75;4,875;2620;2673;2586
49,25;4,925;2645;2711;2611
49,75;4,975;2670;2747;2635
50,25;5,025;2695;2781;2659
50,75;5,075;2720;2812;2684
51,25;5,125;2745;2840;2708
51,75;5,175;2770;2865;2733
52,25;5,225;2796;2889;2758
52,75;5,275;2821;2912;2782
53,25;5,325;2846;2934;2807
53,75;5,375;2872;2955;2831
54,25;5,425;2898;2977;2856
54,75;5,475;2924;3000;2880
55,25;5,525;2951;3023;2904
55,75;5,575;2977;3046;2929
56,25;5,625;3003;3068;2953
56,75;5,675;3027;3091;2977
57,25;5,725;3052;3113;3002
57,75;5,775;3076;3135;3026
58,25;5,825;3100;3157;3050
58,75;5,875;3123;3179;3075
59,25;5,925;3147;3201;3099
59,75;5,975;3170;3222;3124
60,25;6,025;3193;3243;3148
60,75;6,075;3216;3264;3172
61,25;6,125;3239;3286;3197
61,75;6,175;3262;3307;3221
62,25;6,225;3284;3328;3244
62,75;6,275;3307;3350;3267
63,25;6,325;3330;3372;3291
63,75;6,375;3352;3394;3314
64,25;6,425;3375;3416;3337
64,75;6,475;3398;3438;3360
65,25;6,525;3420;3460;3383
65,75;6,575;3443;3482;3406
66,25;6,625;3465;3505;3429
66,75;6,675;3488;3528;3451
67,25;6,725;3510;3552;3474
67,75;6,775;3533;3577;3496
68,25;6,825;3555;3601;3518
68,75;6,875;3577;3627;3539
69,25;6,925;3599;3652;3561
69,75;6,975;3621;3678;3583
70,25;7,025;3643;3703;3607
70,75;7,075;3665;3728;3631
71,25;7,125;3687;3753;3654
71,75;7,175;3709;3779;3674
72,25;7,225;3731;3805;3689
72,75;7,275;3753;3831;3701
73,25;7,325;3775;3857;3711
73,75;7,375;3796;3883;3721
74,25;7,425;3817;3906;3734
74,75;7,475;3839;3929;3751
75,25;7,525;3860;3950;3771
75,75;7,575;3882;3971;3791
76,25;7,625;3903;3993;3812
76,75;7,675;3924;4015;3832
77,25;7,725;3945;4036;3852
77,75;7,775;3967;4058;3872
78,25;7,825;3988;4079;3893
78,75;7,875;4009;4099;3914
79,25;7,925;4031;4119;3935
79,75;7,975;4052;4139;3957
80,25;8,025;4074;4158;3979
80,75;8,075;4096;4178;4001
81,25;8,125;4117;4198;4024
81,75;8,175;4139;4219;4047
82,25;8,225;4161;4239;4070
82,75;8,275;4183;4259;4094
83,25;8,325;4204;4279;4117
83,75;8,375;4226;4299;4141
84,25;8,425;4247;4319;4164
84,75;8,475;4269;4339;4188
85,25;8,525;4291;4359;4211
85,75;8,575;4312;4379;4234
86,25;8,625;4334;4399;4258
86,75;8,675;4356;4419;4281
87,25;8,725;4377;4440;4305
87,75;8,775;4399;4459;4328
88,25;8,825;4421;4479;4351
88,75;8,875;4442;4499;4375
89,25;8,925;4464;4519;4398
89,75;8,975;4486;4540;4421
90,25;9,025;4507;4560;4444
90,75;9,075;4529;4581;4467
91,25;9,125;4550;4603;4489
91,75;9,175;4572;4624;4512
92,25;9,225;4594;4646;4535
92,75;9,275;4615;4668;4558
93,25;9,325;4637;4691;4581
93,75;9,375;4659;4717;4604
94,25;9,425;4680;4747;4627
94,75;9,475;4702;4779;4650
95,25;9,525;4723;4813;4674
95,75;9,575;4745;4847;4697
96,25;9,625;4767;4878;4719
96,75;9,675;4789;4906;4742
97,25;9,725;4811;4932;4764
97,75;9,775;4833;4955;4787
98,25;9,825;4855;4978;4809
98,75;9,875;4877;5001;4832
99,25;9,925;4899;5022;4854
99,75;9,975;4921;5044;4876
100,25;10,025;4943;5065;4897
100,75;10,075;4965;5087;4919
101,25;10,125;4987;5108;4940
101,75;10,175;5009;5129;4961
102,25;10,225;5032;5150;4983
102,75;10,275;5054;5170;5005
103,25;10,325;5076;5191;5027
103,75;10,375;5098;5211;5049
104,25;10,425;5121;5231;5070
104,75;10,475;5143;5250;5091
105,25;10,525;5165;5270;5112
105,75;10,575;5188;5289;5133
106,25;10,625;5210;5308;5154
106,75;10,775;5254;5348;5196
107,25;10,725;5276;5368;5216
107,75;10,775;5276;5368;5216
108,25;10,825;5297;5387;5237
108,75;10,875;5319;5407;5258
109,25;10,925;5341;5426;5279
109,75;10,975;5362;5445;5300
110,25;11,025;5384;5465;5321
110,75;11,075;5405;5484;5342
111,25;11,125;5427;5504;5363
111,75;11,175;5448;5523;5384
112,25;11,225;5469;5543;5405
112,75;11,275;5491;5563;5426
113,25;11,325;5512;5584;5446
113,75;11,375;5533;5604;5467
114,25;11,425;5554;5625;5487
114,75;11,475;5576;5645;5508
115,25;11,525;5597;5666;5528
115,75;11,575;5618;5687;5549
116,25;11,625;5639;5707;5569
116,75;11,675;5660;5728;5590
117,25;11,725;5681;5750;5610
117,75;11,775;5702;5771;5631
118,25;11,825;5722;5794;5651
118,75;11,875;5743;5817;5671
119,25;11,925;5764;5841;5692
119,75;11,975;5784;5864;5712
120,25;12,025;5805;5887;5733
120,75;12,075;5826;5910;5753
121,25;12,125;5847;5933;5773
121,75;12,175;5868;5959;5793
122,25;12,225;5888;5988;5814
122,75;12,275;5909;6021;5834
123,25;12,325;5930;6056;5854
123,75;12,375;5950;6094;5875
124,25;12,425;5971;6134;5895
124,75;12,475;5992;6173;5915
125,25;12,525;6013;6212;5936
125,75;12,575;6034;6248;5956
126,25;12,625;6055;6282;5977
126,75;12,675;6076;6311;5997
127,25;12,725;6096;6338;6017
127,75;12,775;6117;6362;6037
128,25;12,825;6138;6385;6057
128,75;12,875;6158;6407;6078
129,25;12,925;6179;6428;6098
129,75;12,975;6199;6448;6118
130,25;13,025;6220;6468;6138
130,75;13,075;6241;6486;6159
131,25;13,125;6262;6504;6179
131,75;13,175;6282;6523;6199
132,25;13,225;6304;6542;6219
132,75;13,275;6325;6561;6240
133,25;13,325;6346;6580;6260
133,75;13,375;6367;6599;6280
134,25;13,425;6387;6618;6301
134,75;13,475;6407;6635;6321
135,25;13,525;6427;6653;6341
135,75;13,575;6447;6670;6361
136,25;13,625;6467;6687;6381
136,75;13,675;6487;6705;6401
137,25;13,725;6507;6723;6421
137,75;13,775;6527;6741;6441
138,25;13,825;6547;6760;6460
138,75;13,875;6567;6779;6480
139,25;13,925;6587;6799;6500
139,75;13,975;6607;6819;6520
140,25;14,025;6627;6840;6540
140,75;14,075;6647;6861;6560
141,25;14,125;6667;6882;6579
141,75;14,175;6687;6903;6599
142,25;14,225;6707;6923;6619
142,75;14,275;6728;6943;6638
143,25;14,325;6748;6963;6658
143,75;14,375;6768;6984;6677
144,25;14,425;6788;7005;6697
144,75;14,475;6808;7027;6717
145,25;14,525;6828;7050;6737
145,75;14,575;6848;7073;6757
146,25;14,625;6868;7096;6776
146,75;14,675;6888;7119;6796
147,25;14,725;6907;7141;6816
147,75;14,775;6926;7164;6835
148,25;14,825;6946;7185;6855
148,75;14,875;6965;7207;6874
149,25;14,925;6985;7227;6894
149,75;14,975;7004;7249;6913
150,25;15,025;7023;7270;6933
150,75;15,075;7041;7293;6952
151,25;15,125;7059;7316;6971
151,75;15,175;7078;7339;6990
152,25;15,225;7096;7362;7010
152,75;15,275;7115;7385;7030
153,25;15,325;7133;7407;7049
153,75;15,375;7152;7429;7069
154,25;15,425;7171;7450;7088
154,75;15,475;7190;7470;7108
155,25;15,525;7209;7489;7127
155,75;15,575;7227;7506;7146
156,25;15,625;7246;7520;7165
156,75;15,675;7264;7532;7185
157,25;15,725;7283;7543;7204
157,75;15,775;7301;7553;7223
158,25;15,825;7319;7564;7242
158,75;15,875;7338;7574;7261
159,25;15,925;7356;7580;7280
159,75;15,975;7375;7582;7299
160,25;16,025;7394;7582;7318
160,75;16,075;7413;7582;7337
161,25;16,125;7432;7582;7356
161,75;16,175;7451;7582;7375
162,25;16,225;7469;7583;7394
162,75;16,275;7488;7588;7412
163,25;16,325;7507;7600;7431
163,75;16,375;7525;7616;7450
164,25;16,425;7544;7632;7469
164,75;16,475;7563;7648;7487
165,25;16,525;7581;7664;7506
165,75;16,575;7600;7680;7525
166,25;16,625;7619;7698;7543
166,75;16,675;7638;7716;7562
167,25;16,725;7657;7735;7581
167,75;16,775;7676;7754;7599
168,25;16,825;7695;7772;7618
168,75;16,875;7713;7790;7636
169,25;16,925;7732;7809;7654
169,75;16,975;7750;7827;7672
170,25;17,025;7769;7847;7690
170,75;17,075;7788;7867;7708
171,25;17,125;7807;7887;7726
171,75;17,175;7825;7907;7744
172,25;17,225;7844;7928;7762
172,75;17,275;7862;7948;7780
173,25;17,325;7880;7968;7797
173,75;17,375;7899;7988;7815
174,25;17,425;7917;8009;7833
174,75;17,475;7935;8029;7851
175,25;17,525;7954;8050;7869
175,75;17,575;7972;8070;7887
176,25;17,625;7990;8091;7905
176,75;17,675;8008;8111;7923
177,25;17,725;8026;8132;7941
177,75;17,775;8043;8152;7959
178,25;17,825;8061;8173;7976
178,75;17,875;8079;8193;7994
179,25;17,925;8097;8214;8012
179,75;17,975;8115;8234;8030
180,25;18,025;8133;8254;8048
180,75;18,075;8151;8275;8065
181,25;18,125;8168;8295;8083
181,75;18,175;8185;8315;8100
182,25;18,225;8202;8336;8117
182,75;18,275;8220;8356;8135
183,25;18,325;8237;8376;8152
183,75;18,375;8253;8396;8169
184,25;18,425;8270;8416;8187
184,75;18,475;8286;8436;8204
185,25;18,525;8302;8456;8221
185,75;18,575;8318;8475;8238
186,25;18,625;8334;8495;8256
186,75;18,675;8350;8514;8273
187,25;18,725;8366;8534;8291
187,75;18,775;8382;8554;8308
188,25;18,825;8398;8573;8325
188,75;18,875;8414;8593;8343
189,25;18,925;8430;8613;8360
189,75;18,975;8446;8633;8377
190,25;19,025;8462;8653;8394
190,75;19,075;8478;8673;8411
191,25;19,125;8494;8693;8429
191,75;19,175;8510;8713;8446
192,25;19,225;8527;8733;8463
192,75;19,275;8543;8753;8480
193,25;19,325;8560;8773;8498
193,75;19,375;8577;8793;8515
194,25;19,425;8593;8813;8532
194,75;19,475;8610;8833;8549
195,25;19,525;8627;8853;8566
195,75;19,575;8643;8874;8583
196,25;19,625;8660;8894;8600
196,75;19,675;8677;8915;8617
197,25;19,725;8694;8935;8634
197,75;19,775;8711;8956;8651
198,25;19,825;8728;8977;8666
198,75;19,875;8745;8997;8675
199,25;19,925;8762;9018;8684
199,75;19,975;8779;9038;8692
200,25;20,025;8796;9058;8699
200,75;20,075;8813;9078;8706
201,25;20,125;8829;9098;8713
201,75;20,175;8846;9118;8723
202,25;20,225;8863;9138;8735
202,75;20,275;8879;9158;8749
203,25;20,325;8895;9178;8760
203,75;20,375;8912;9198;8762
204,25;20,425;8928;9218;8762
204,75;20,475;8944;9237;8762
205,25;20,525;8961;9256;8762
205,75;20,575;8977;9276;8762
206,25;20,625;8993;9296;8762
206,75;20,675;9009;9317;8763
207,25;20,725;9025;9337;8773
207,75;20,775;9040;9357;8788
208,25;20,825;9057;9371;8801
208,75;20,875;9073;9380;8813
209,25;20,925;9089;9389;8822
209,75;20,975;9105;9397;8831
210,25;21,025;9121;9404;8841
210,75;21,075;9137;9411;8851
211,25;21,125;9153;9418;8863
211,75;21,175;9169;9426;8886
212,25;21,225;9185;9435;8909
212,75;21,275;9201;9444;8931
213,25;21,325;9217;9449;8953
213,75;21,375;9233;9449;8975
214,25;21,425;9249;9449;8997
214,75;21,475;9265;9449;9021
215,25;21,525;9280;9449;9044
215,75;21,575;9296;9449;9067
216,25;21,625;9313;9449;9090
216,75;21,675;9329;9452;9113
217,25;21,725;9346;9462;9135
217,75;21,775;9363;9475;9158
218,25;21,825;9379;9487;9180
218,75;21,875;9396;9497;9203
219,25;21,925;9413;9505;9226
219,75;21,975;9429;9512;9249
220,25;22,025;9446;9520;9273
220,75;22,075;9462;9528;9297
221,25;22,125;9479;9543;9321
221,75;22,175;9495;9560;9345
222,25;22,225;9512;9578;9369
222,75;22,275;9528;9595;9393
223,25;22,325;9545;9613;9416
223,75;22,375;9562;9629;9440
224,25;22,425;9579;9646;9463
224,75;22,475;9595;9663;9487
225,25;22,525;9612;9680;9511
225,75;22,575;9629;9697;9535
226,25;22,625;9647;9715;9559
226,75;22,675;9665;9732;9583
227,25;22,725;9683;9750;9607
227,75;22,775;9701;9768;9630
228,25;22,825;9720;9785;9652
228,75;22,875;9738;9803;9674
229,25;22,925;9756;9821;9695
229,75;22,975;9775;9839;9715
230,25;23,025;9794;9858;9736
230,75;23,075;9813;9876;9757
231,25;23,125;9832;9895;9777
231,75;23,175;9851;9914;9796
232,25;23,225;9871;9933;9813
232,75;23,275;9890;9951;9829
233,25;23,325;9909;9970;9845
233,75;23,375;9929;9989;9861
234,25;23,425;9948;10009;9874
234,75;23,475;9967;10029;9883
235,25;23,525;9986;10050;9891
235,75;23,575;10004;10072;9895
236,25;23,625;10023;10094;9895
236,75;23,675;10041;10117;9895
237,25;23,725;10058;10141;9895
237,75;23,775;10075;10164;9895
238,25;23,825;10093;10188;9895
238,75;23,875;10110;10211;9895
239,25;23,925;10127;10234;9899
239,75;23,975;10144;10256;9905
240,25;24,025;10161;10279;9912
240,75;24,075;10177;10302;9919
241,25;24,125;10193;10326;9934
241,75;24,175;10209;10349;9952
242,25;24,225;10225;10372;9972
242,75;24,275;10242;10395;9994
243,25;24,325;10258;10419;10017
243,75;24,375;10275;10442;10040
244,25;24,425;10292;10465;10063
244,75;24,475;10309;10488;10085
245,25;24,525;10326;10512;10107
245,75;24,575;10344;10535;10130
246,25;24,625;10362;10559;10155
246,75;24,675;10381;10582;10182
247,25;24,725;10400;10606;10210
247,75;24,775;10420;10629;10237
248,25;24,825;10441;10653;10264
248,75;24,875;10464;10676;10288
249,25;24,925;10488;10700;10312
249,75;24,975;10512;10723;10337
250,25;25,025;10537;10746;10361
250,75;25,075;10562;10770;10387
251,25;25,125;10588;10793;10414
251,75;25,175;10614;10816;10441
252,25;25,225;10640;10840;10468
252,75;25,275;10666;10863;10495
253,25;25,325;10693;10886;10522
253,75;25,375;10719;10910;10549
254,25;25,425;10745;10933;10577
254,75;25,475;10771;10957;10605
255,25;25,525;10798;10981;10633
255,75;25,575;10824;11004;10662
256,25;25,625;10851;11028;10690
256,75;25,675;10877;11052;10718
257,25;25,725;10904;11075;10745
257,75;25,775;10931;11098;10774
258,25;25,825;10958;11122;10802
258,75;25,875;10985;11145;10831
259,25;25,925;11011;11169;10859
259,75;25,975;11038;11192;10888
260,25;26,025;11064;11216;10916
260,75;26,075;11091;11240;10944
261,25;26,125;11117;11264;10972
261,75;26,175;11144;11288;11000
262,25;26,225;11171;11312;11027
262,75;26,275;11197;11335;11055
263,25;26,325;11224;11359;11083
263,75;26,375;11251;11382;11111
264,25;26,425;11277;11406;11139
264,75;26,475;11304;11429;11166
265,25;26,525;11330;11453;11194
265,75;26,575;11356;11477;11222
266,25;26,625;11382;11501;11249
266,75;26,675;11408;11526;11277
267,25;26,725;11433;11550;11304
267,75;26,775;11459;11575;11332
268,25;26,825;11484;11599;11359
268,75;26,875;11510;11622;11387
269,25;26,925;11535;11646;11414
269,75;26,975;11561;11670;11441
270,25;27,025;11587;11693;11469
270,75;27,075;11612;11717;11496
271,25;27,125;11638;11741;11524
271,75;27,175;11663;11765;11551
272,25;27,225;11688;11789;11577
272,75;27,275;11714;11812;11602
273,25;27,325;11739;11836;11627
273,75;27,375;11765;11860;11652
274,25;27,425;11791;11884;11677
274,75;27,475;11816;11909;11703
275,25;27,525;11842;11934;11729
275,75;27,575;11868;11960;11755
276,25;27,625;11893;11985;11782
276,75;27,675;11919;12010;11809
277,25;27,725;11944;12034;11837
277,75;27,775;11970;12059;11865
278,25;27,825;11996;12084;11893
278,75;27,875;12022;12110;11921
279,25;27,925;12048;12135;11949
279,75;27,975;12074;12161;11977
280,25;28,025;12100;12186;12003
280,75;28,075;12125;12210;12030
281,25;28,125;12151;12235;12056
281,75;28,175;12177;12259;12083
282,25;28,225;12202;12284;12110
282,75;28,275;12228;12310;12137
283,25;28,325;12254;12335;12165
283,75;28,375;12280;12361;12192
284,25;28,425;12306;12387;12218
284,75;28,475;12332;12412;12244
285,25;28,525;12358;12438;12269
285,75;28,575;12384;12463;12294
286,25;28,625;12411;12490;12318
286,75;28,675;12437;12516;12342
287,25;28,725;12463;12543;12366
287,75;28,775;12490;12570;12390
288,25;28,825;12516;12596;12414
288,75;28,875;12542;12622;12438
289,25;28,925;12568;12649;12462
289,75;28,975;12595;12675;12485
290,25;29,025;12621;12702;12509
290,75;29,075;12648;12729;12532
291,25;29,125;12675;12756;12555
291,75;29,175;12702;12783;12578
292,25;29,225;12729;12810;12601
292,75;29,275;12755;12836;12625
293,25;29,325;12782;12864;12648
293,75;29,375;12809;12892;12671
294,25;29,425;12836;12923;12694
294,75;29,475;12863;12956;12716
295,25;29,525;12890;12991;12739
295,75;29,575;12918;13026;12762
296,25;29,625;12946;13061;12785
296,75;29,675;12973;13095;12809
297,25;29,725;13001;13128;12834
297,75;29,775;13029;13160;12859
298,25;29,825;13057;13192;12883
298,75;29,875;13085;13223;12907
299,25;29,925;13112;13253;12932
299,75;29,975;13140;13284;12957
300,25;30,025;13168;13314;12983
300,75;30,075;13196;13344;13009
301,25;30,125;13225;13374;13035
301,75;30,175;13253;13403;13060
302,25;30,225;13281;13430;13082
302,75;30,275;13309;13456;13102
303,25;30,325;13337;13481;13125
303,75;30,375;13365;13505;13155
304,25;30,425;13393;13529;13195
304,75;30,475;13421;13553;13245
305,25;30,525;13449;13577;13300
305,75;30,575;13476;13600;13354
306,25;30,625;13504;13624;13404
306,75;30,675;13531;13648;13446
307,25;30,725;13558;13671;13483
307,75;30,775;13585;13694;13515
308,25;30,825;13612;13717;13544
308,75;30,875;13639;13740;13572
309,25;30,925;13666;13763;13598
309,75;30,975;13693;13787;13624
310,25;31,025;13720;13810;13651
310,75;31,075;13746;13835;13678
311,25;31,125;13773;13859;13705
311,75;31,175;13799;13884;13732
312,25;31,225;13826;13908;13758
312,75;31,275;13852;13933;13785
313,25;31,325;13878;13957;13811
313,75;31,375;13904;13982;13837
314,25;31,425;13930;14007;13863
314,75;31,475;13956;14031;13889
315,25;31,525;13982;14056;13915
315,75;31,575;14008;14082;13942
316,25;31,625;14034;14107;13968
316,75;31,675;14061;14134;13993
317,25;31,725;14087;14161;14019
317,75;31,775;14113;14188;14045
318,25;31,825;14139;14215;14071
318,75;31,875;14165;14242;14096
319,25;31,925;14191;14270;14122
319,75;31,975;14217;14297;14148
320,25;32,025;14243;14325;14173
320,75;32,075;14269;14352;14198
321,25;32,125;14295;14380;14223
321,75;32,175;14321;14408;14248
322,25;32,225;14347;14436;14272
322,75;32,275;14373;14464;14297
323,25;32,325;14398;14492;14322
323,75;32,375;14424;14520;14346
324,25;32,425;14450;14548;14371
324,75;32,475;14476;14575;14395
325,25;32,525;14502;14602;14419
325,75;32,575;14528;14629;14443
326,25;32,625;14554;14656;14468
326,75;32,675;14579;14684;14493
327,25;32,725;14604;14713;14518
327,75;32,775;14630;14741;14542
328,25;32,825;14655;14768;14566
328,75;32,875;14680;14796;14590
329,25;32,925;14706;14823;14614
329,75;32,975;14732;14850;14637
330,25;33,025;14758;14878;14661
330,75;33,075;14784;14906;14684
331,25;33,125;14809;14934;14708
331,75;33,175;14835;14963;14732
332,25;33,225;14862;14991;14756
332,75;33,275;14888;15019;14780
333,25;33,325;14914;15047;14804
333,75;33,375;14941;15076;14828
334,25;33,425;14967;15104;14852
334,75;33,475;14993;15132;14876
335,25;33,525;15020;15161;14899
335,75;33,575;15046;15190;14922
336,25;33,625;15072;15218;14935
336,75;33,675;15099;15246;14947
337,25;33,725;15120;15268;14968
337,75;33,775;15142;15289;14989
338,25;33,825;15163;15310;15011
338,75;33,875;15184;15331;15032
339,25;33,925;15205;15353;15054
339,75;33,975;15226;15374;15075
340,25;34,025;15248;15395;15096
340,75;34,075;15269;15417;15118
341,25;34,125;15290;15438;15139
341,75;34,175;15311;15459;15161
342,25;34,225;15333;15480;15182
342,75;34,275;15354;15502;15203
343,25;34,325;15375;15523;15225
343,75;34,375;15396;15544;15246
344,25;34,425;15418;15566;15268
344,75;34,475;15439;15587;15289
345,25;34,525;15460;15608;15310
345,75;34,575;15481;15629;15332
346,25;34,625;15502;15651;15353
346,75;34,675;15524;15672;15375
347,25;34,725;15545;15693;15396
347,75;34,775;15566;15714;15417
348,25;34,825;15587;15736;15439
348,75;34,875;15609;15757;15460
349,25;34,925;15630;15778;15482
349,75;34,975;15651;15800;15503
350,25;35,025;15672;15821;15524
350,75;35,075;15694;15842;15546
351,25;35,125;15715;15863;15567
351,75;35,175;15736;15885;15589
352,25;35,225;15757;15906;15610
352,75;35,275;15779;15927;15631
353,25;35,325;15800;15949;15653
353,75;35,375;15821;15970;15674
354,25;35,425;15842;15991;15696
354,75;35,475;15863;16012;15717
355,25;35,525;15885;16034;15739
355,75;35,575;15906;16055;15760
356,25;35,625;15927;16076;15781
356,75;35,675;15948;16097;15803
357,25;35,725;15970;16119;15824
357,75;35,775;15991;16140;15846
358,25;35,825;16012;16161;15867
358,75;35,875;16033;16183;15888
359,25;35,925;16055;16204;15910
359,75;35,975;16076;16225;15931
360,25;36,025;16097;16246;15953
360,75;36,075;16118;16268;15974
361,25;36,125;16139;16289;15995
361,75;36,175;16161;16310;16017
362,25;36,225;16182;16332;16038
362,75;36,275;16203;16353;16060
363,25;36,325;16224;16374;16081
363,75;36,375;16246;16395;16102
364,25;36,425;16281;16422;16147
364,75;36,475;16316;16449;16189
365,25;36,525;16351;16477;16229
365,75;36,575;16386;16506;16265
366,25;36,625;16421;16537;16297
366,75;36,675;16456;16570;16324
367,25;36,725;16491;16605;16349
367,75;36,775;16526;16643;16372
368,25;36,825;16563;16684;16394
368,75;36,875;16600;16727;16417
369,25;36,925;16639;16772;16440
369,75;36,975;16680;16817;16463
370,25;37,025;16722;16862;16486
370,75;37,075;16767;16905;16509
371,25;37,125;16812;16948;16532
371,75;37,175;16860;16992;16555
372,25;37,225;16909;17036;16579
372,75;37,275;16960;17081;16603
373,25;37,325;17011;17127;16628
373,75;37,375;17063;17173;16653
374,25;37,425;17114;17219;16679
374,75;37,475;17164;17264;16705
375,25;37,525;17213;17310;16731
375,75;37,575;17262;17355;16758
376,25;37,625;17310;17400;16785
376,75;37,675;17358;17446;16812
377,25;37,725;17407;17491;16840
377,75;37,775;17454;17537;16868
378,25;37,825;17501;17582;16895
378,75;37,875;17548;17626;16922
379,25;37,925;17595;17671;16952
379,75;37,975;17641;17715;16985
380,25;38,025;17688;17760;17024
380,75;38,075;17734;17805;17067
381,25;38,125;17781;17850;17109
381,75;38,175;17828;17896;17146
382,25;38,225;17874;17941;17173
382,75;38,275;17921;17986;17198
383,25;38,325;17967;18031;17241
383,75;38,375;18013;18077;17323
384,25;38,425;18059;18122;17464
384,75;38,475;18104;18168;17659
385,25;38,525;18150;18213;17872
385,75;38,575;18195;18259;18066
386,25;38,625;18241;18304;18203
386,75;38,675;18286;18350;18277
387,25;38,725;18332;18395;18310
387,75;38,775;18378;18441;18325
388,25;38,825;18423;18487;18348
388,75;38,875;18469;18533;18387
389,25;38,925;18515;18579;18437
389,75;38,975;18561;18625;18491
390,25;39,025;18606;18671;18543
390,75;39,075;18652;18716;18590
391,25;39,125;18697;18762;18635
391,75;39,175;18742;18807;18678
392,25;39,225;18787;18852;18721
392,75;39,275;18833;18898;18765
393,25;39,325;18878;18943;18811
393,75;39,375;18924;18989;18856
394,25;39,425;18969;19035;18901
394,75;39,475;19015;19080;18946
395,25;39,525;19060;19126;18990
395,75;39,575;19105;19171;19033
396,25;39,625;19150;19217;19077
396,75;39,675;19195;19262;19121
397,25;39,725;19240;19308;19166
397,75;39,775;19285;19354;19210
398,25;39,825;19330;19401;19255
398,75;39,875;19375;19448;19299
399,25;39,925;19421;19496;19344
399,75;39,975;19466;19543;19388
400,25;40,025;19512;19590;19433
400,75;40,075;19557;19636;19477
401,25;40,125;19603;19683;19521
401,75;40,175;19649;19729;19566
402,25;40,225;19694;19775;19610
402,75;40,275;19739;19823;19654
403,25;40,325;19785;19870;19699
403,75;40,375;19830;19918;19743
404,25;40,425;19875;19966;19787
404,75;40,475;19921;20013;19831
405,25;40,525;19966;20061;19876
405,75;40,575;20012;20108;19920
406,25;40,625;20057;20156;19964
406,75;40,675;20103;20203;20008
407,25;40,725;20148;20249;20052
407,75;40,775;20193;20296;20096
408,25;40,825;20238;20343;20140
408,75;40,875;20283;20389;20184
409,25;40,925;20328;20436;20228
409,75;40,975;20373;20482;20271
410,25;41,025;20419;20529;20315
410,75;41,075;20464;20576;20359
411,25;41,125;20510;20622;20403
411,75;41,175;20556;20669;20447
412,25;41,225;20601;20717;20491
412,75;41,275;20646;20764;20535
413,25;41,325;20691;20812;20579
413,75;41,375;20736;20859;20622
414,25;41,425;20782;20906;20666
414,75;41,475;20827;20952;20710
415,25;41,525;20872;20999;20754
415,75;41,575;20933;21060;20815
416,25;41,625;20994;21121;20876
416,75;41,675;21054;21181;20937
417,25;41,725;21115;21242;20998
417,75;41,775;21176;21303;21058
418,25;41,825;21236;21363;21119
418,75;41,875;21297;21424;21180
419,25;41,925;21358;21485;21241
419,75;41,975;21418;21545;21302
420,25;42,025;21479;21606;21363
420,75;42,075;21540;21667;21423
421,25;42,125;21601;21727;21484
421,75;42,175;21661;21788;21545
422,25;42,225;21722;21849;21606
422,75;42,275;21783;21909;21667
423,25;42,325;21843;21970;21728
423,75;42,375;21904;22031;21788
424,25;42,425;21965;22091;21849
424,75;42,475;22025;22152;21910
425,25;42,525;22086;22213;21971
425,75;42,575;22147;22273;22032
426,25;42,625;22207;22334;22093
426,75;42,675;22268;22395;22153
427,25;42,725;22329;22455;22214
427,75;42,775;22390;22516;22275
428,25;42,825;22450;22577;22336
428,75;42,875;22511;22637;22397
429,25;42,925;22572;22698;22458
429,75;42,975;22632;22759;22518
430,25;43,025;22693;22819;22579
430,75;43,075;22754;22880;22640
431,25;43,125;22814;22941;22701
431,75;43,175;22875;23001;22762
432,25;43,225;22936;23062;22822
432,75;43,275;22996;23123;22883
433,25;43,325;23057;23183;22944
433,75;43,375;23118;23244;23005
434,25;43,425;23179;23305;23066
434,75;43,475;23239;23365;23127
435,25;43,525;23300;23426;23187
435,75;43,575;23361;23487;23248
436,25;43,625;23421;23548;23309
436,75;43,675;23482;23608;23370
437,25;43,725;23543;23669;23431
437,75;43,775;23603;23730;23492
438,25;43,825;23664;23790;23552
438,75;43,875;23725;23851;23613
439,25;43,925;23785;23912;23674
439,75;43,975;23846;23972;23735
440,25;44,025;23907;24033;23796
440,75;44,075;23968;24094;23857
441,25;44,125;24028;24154;23917
441,75;44,175;24089;24215;23978
442,25;44,225;24150;24276;24039
442,75;44,275;24210;24336;24100
443,25;44,325;24271;24397;24161
443,75;44,375;24312;24434;24205
444,25;44,425;24353;24466;24248
444,75;44,475;24394;24495;24290
445,25;44,525;24435;24532;24332
445,75;44,575;24476;24586;24374
446,25;44,625;24517;24666;24416
446,75;44,675;24558;24772;24458
447,25;44,725;24600;24888;24500
447,75;44,775;24641;25001;24543
448,25;44,825;24683;25097;24585
448,75;44,875;24724;25169;24628
449,25;44,925;24765;25225;24670
449,75;44,975;24806;25270;24712
450,25;45,025;24848;25313;24754
450,75;45,075;24890;25355;24796
451,25;45,125;24932;25398;24837
451,75;45,175;24974;25442;24878
452,25;45,225;25017;25487;24920
452,75;45,275;25060;25533;24962
453,25;45,325;25104;25579;25005
453,75;45,375;25148;25623;25046
454,25;45,425;25193;25664;25088
454,75;45,475;25238;25702;25128
455,25;45,525;25283;25739;25168
455,75;45,575;25328;25774;25209
456,25;45,625;25373;25809;25250
456,75;45,675;25418;25844;25292
457,25;45,725;25464;25880;25333
457,75;45,775;25509;25918;25375
458,25;45,825;25556;25956;25415
458,75;45,875;25603;25996;25454
459,25;45,925;25650;26035;25493
459,75;45,975;25696;26073;25532
460,25;46,025;25740;26110;25572
460,75;46,075;25782;26143;25614
461,25;46,125;25823;26176;25655
461,75;46,175;25864;26207;25697
462,25;46,225;25905;26239;25738
462,75;46,275;25946;26271;25778
463,25;46,325;25987;26304;25818
463,75;46,375;26028;26336;25857
464,25;46,425;26067;26368;25897
464,75;46,475;26106;26400;25936
465,25;46,525;26144;26432;25975
465,75;46,575;26181;26464;26015
466,25;46,625;26219;26496;26054
466,75;46,675;26257;26528;26094
467,25;46,725;26295;26560;26134
467,75;46,775;26333;26592;26174
468,25;46,825;26373;26625;26213
468,75;46,875;26412;26657;26251
469,25;46,925;26453;26689;26289
469,75;46,975;26492;26722;26327
470,25;47,025;26532;26755;26366
470,75;47,075;26571;26788;26405
471,25;47,125;26609;26821;26445
471,75;47,175;26648;26855;26485
472,25;47,225;26687;26888;26525
472,75;47,275;26726;26922;26564
473,25;47,325;26766;26955;26603
473,75;47,375;26805;26988;26643
474,25;47,425;26844;27021;26682
474,75;47,475;26882;27054;26722
475,25;47,525;26920;27087;26762
475,75;47,575;26957;27121;26802
476,25;47,625;26995;27155;26842
476,75;47,675;27034;27191;26883
477,25;47,725;27072;27226;26923
477,75;47,775;27111;27261;26962
478,25;47,825;27149;27295;27001
478,75;47,875;27187;27327;27039
479,25;47,925;27225;27360;27076
479,75;47,975;27263;27395;27114
480,25;48,025;27300;27432;27152
480,75;48,075;27337;27471;27190
481,25;48,125;27373;27513;27229
481,75;48,175;27410;27555;27267
482,25;48,225;27447;27597;27304
482,75;48,275;27484;27639;27340
483,25;48,325;27521;27680;27376
483,75;48,375;27558;27722;27412
484,25;48,425;27596;27763;27448
484,75;48,475;27633;27805;27485
485,25;48,525;27671;27847;27521
485,75;48,575;27708;27889;27558
486,25;48,625;27744;27931;27595
486,75;48,675;27780;27973;27632
487,25;48,725;27815;28015;27669
487,75;48,775;27850;28055;27705
488,25;48,825;27885;28093;27742
488,75;48,875;27921;28130;27778
489,25;48,925;27957;28167;27814
489,75;48,975;27993;28204;27850
490,25;49,025;28029;28244;27886
490,75;49,075;28065;28285;27921
491,25;49,125;28100;28329;27957
491,75;49,175;28136;28372;27992
492,25;49,225;28171;28416;28028
492,75;49,275;28208;28459;28065
493,25;49,325;28244;28501;28101
493,75;49,375;28281;28543;28137
494,25;49,425;28317;28586;28173
494,75;49,475;28354;28628;28209
495,25;49,525;28389;28670;28243
495,75;49,575;28425;28712;28278
496,25;49,625;28461;28754;28313
496,75;49,675;28496;28797;28347
497,25;49,725;28532;28839;28382
497,75;49,775;28567;28882;28417
498,25;49,825;28602;28924;28451
498,75;49,875;28637;28967;28485
499,25;49,925;28671;29009;28519
499,75;49,975;28706;29052;28553
500,25;50,025;28742;29094;28588
500,75;50,075;28777;29137;28623
501,25;50,125;28813;29179;28659
501,75;50,175;28848;29222;28695
502,25;50,225;28883;29265;28730
502,75;50,275;28916;29308;28764
503,25;50,325;28949;29351;28798
503,75;50,375;28983;29394;28832
504,25;50,425;29017;29436;28865
504,75;50,475;29052;29477;28898
505,25;50,525;29087;29517;28931
505,75;50,575;29121;29558;28964
506,25;50,625;29153;29600;28997
506,75;50,675;29185;29641;29029
507,25;50,725;29215;29684;29062
507,75;50,775;29246;29725;29095
508,25;50,825;29277;29766;29129
508,75;50,875;29309;29805;29162
509,25;50,925;29341;29842;29196
509,75;50,975;29374;29875;29230
510,25;51,025;29405;29904;29263
510,75;51,075;29435;29928;29297
511,25;51,125;29465;29942;29329
511,75;51,175;29495;29952;29362
512,25;51,225;29525;29963;29395
512,75;51,275;29557;29973;29427
513,25;51,325;29589;29981;29460
513,75;51,375;29622;29983;29492
514,25;51,425;29655;29983;29523
514,75;51,475;29688;29983;29554
515,25;51,525;29721;29983;29584
515,75;51,575;29755;29983;29615
516,25;51,625;29788;29983;29646
516,75;51,675;29823;29990;29677
517,25;51,725;29857;30005;29711
517,75;51,775;29893;30040;29747
518,25;51,825;29929;30075;29784
518,75;51,875;29965;30109;29820
519,25;51,925;30001;30144;29857
519,75;51,975;30037;30179;29893
520,25;52,025;30073;30214;29930
520,75;52,075;30109;30248;29966
521,25;52,125;30144;30283;30003
521,75;52,175;30180;30318;30039
522,25;52,225;30216;30353;30076
522,75;52,275;30252;30387;30112
523,25;52,325;30288;30422;30149
523,75;52,375;30324;30457;30185
524,25;52,425;30360;30492;30222
524,75;52,475;30396;30526;30258
525,25;52,525;30432;30561;30295
525,75;52,575;30468;30596;30331
526,25;52,625;30504;30631;30368
526,75;52,675;30540;30665;30404
527,25;52,725;30576;30700;30441
527,75;52,775;30612;30735;30477
528,25;52,825;30648;30770;30514
528,75;52,875;30684;30804;30551
529,25;52,925;30720;30839;30587
529,75;52,975;30756;30874;30624
530,25;53,025;30792;30909;30660
530,75;53,075;30828;30943;30697
531,25;53,125;30864;30978;30733
531,75;53,175;30900;31013;30770
532,25;53,225;30936;31047;30806
532,75;53,275;30972;31082;30843
533,25;53,325;31008;31117;30879
533,75;53,375;31044;31152;30916
534,25;53,425;31080;31186;30952
534,75;53,475;31116;31221;30989
535,25;53,525;31152;31256;31025
535,75;53,575;31188;31291;31062
536,25;53,625;31224;31325;31098
536,75;53,675;31260;31360;31135
537,25;53,725;31296;31395;31171
537,75;53,775;31331;31430;31208
538,25;53,825;31367;31464;31244
538,75;53,875;31403;31499;31281
539,25;53,925;31439;31534;31317
539,75;53,975;31487;31581;31354
540,25;54,025;31536;31632;31386
540,75;54,075;31585;31688;31418
541,25;54,125;31635;31746;31454
541,75;54,175;31685;31804;31498
542,25;54,225;31735;31858;31555
542,75;54,275;31784;31909;31625
543,25;54,325;31833;31957;31701
543,75;54,375;31882;32004;31775
544,25;54,425;31930;32049;31842
544,75;54,475;31977;32095;31898
545,25;54,525;32023;32140;31948
545,75;54,575;32070;32186;31994
546,25;54,625;32116;32230;32040
546,75;54,675;32163;32275;32088
547,25;54,725;32210;32319;32136
547,75;54,775;32257;32363;32185
548,25;54,825;32304;32407;32233
548,75;54,875;32351;32452;32281
549,25;54,925;32397;32497;32328
549,75;54,975;32444;32541;32375
550,25;55,025;32491;32586;32422
550,75;55,075;32538;32631;32469
551,25;55,125;32585;32676;32516
551,75;55,175;32632;32720;32563
552,25;55,225;32679;32765;32610
552,75;55,275;32725;32810;32657
553,25;55,325;32772;32855;32704
553,75;55,375;32819;32901;32750
554,25;55,425;32866;32946;32796
554,75;55,475;32913;32992;32842
555,25;55,525;32961;33038;32888
555,75;55,575;33008;33085;32934
556,25;55,625;33055;33132;32981
556,75;55,675;33102;33179;33028
557,25;55,725;33148;33227;33074
557,75;55,775;33195;33274;33121
558,25;55,825;33241;33322;33168
558,75;55,875;33287;33368;33214
559,25;55,925;33333;33415;33260
559,75;55,975;33379;33462;33305
560,25;56,025;33426;33509;33351
560,75;56,075;33473;33557;33396
561,25;56,125;33520;33605;33441
561,75;56,175;33567;33653;33486
562,25;56,225;33613;33702;33532
562,75;56,275;33660;33751;33577
563,25;56,325;33706;33799;33622
563,75;56,375;33752;33849;33667
564,25;56,425;33798;33898;33712
564,75;56,475;33845;33947;33757
565,25;56,525;33892;33997;33802
565,75;56,575;33938;34047;33847
566,25;56,625;33985;34096;33892
566,75;56,675;34032;34145;33937
567,25;56,725;34078;34193;33982
567,75;56,775;34124;34241;34026
568,25;56,825;34171;34287;34070
568,75;56,875;34217;34333;34113
569,25;56,925;34263;34378;34156
569,75;56,975;34309;34422;34200
570,25;57,025;34355;34467;34243
570,75;57,075;34401;34513;34288
571,25;57,125;34448;34558;34333
571,75;57,175;34494;34604;34377
572,25;57,225;34540;34650;34421
572,75;57,275;34586;34696;34465
573,25;57,325;34631;34742;34509
573,75;57,375;34677;34788;34553
574,25;57,425;34723;34835;34597
574,75;57,475;34769;34881;34642
575,25;57,525;34816;34928;34686
575,75;57,575;34862;34976;34731
576,25;57,625;34909;35024;34775
576,75;57,675;34955;35073;34819
577,25;57,725;35002;35121;34862
577,75;57,775;35048;35170;34906
578,25;57,825;35095;35218;34949
578,75;57,875;35141;35265;34993
579,25;57,925;35187;35313;35036
579,75;57,975;35233;35360;35080
580,25;58,025;35280;35408;35123
580,75;58,075;35326;35457;35167
581,25;58,125;35372;35506;35210
581,75;58,175;35419;35554;35253
582,25;58,225;35465;35603;35297
582,75;58,275;35512;35651;35340
583,25;58,325;35558;35699;35384
583,75;58,375;35605;35747;35428
584,25;58,425;35651;35795;35472
584,75;58,475;35698;35843;35515
585,25;58,525;35744;35891;35559
585,75;58,575;35790;35939;35602
586,25;58,625;35837;35988;35646
586,75;58,675;35883;36036;35690
587,25;58,725;35929;36084;35733
587,75;58,775;35976;36132;35777
588,25;58,825;36023;36181;35821
588,75;58,875;36070;36229;35864
589,25;58,925;36116;36277;35908
589,75;58,975;36163;36326;35952
590,25;59,025;36210;36374;35996
590,75;59,075;36256;36422;36040
591,25;59,125;36301;36470;36084
591,75;59,175;36347;36519;36127
592,25;59,225;36394;36567;36171
592,75;59,275;36440;36615;36215
593,25;59,325;36487;36664;36259
593,75;59,375;36533;36712;36302
594,25;59,425;36580;36760;36346
594,75;59,475;36626;36809;36389
595,25;59,525;36672;36857;36432
595,75;59,575;36719;36906;36476
596,25;59,625;36765;36954;36519
596,75;59,675;36811;37003;36563
597,25;59,725;36858;37051;36607
597,75;59,775;36904;37100;36650
598,25;59,825;36950;37148;36694
598,75;59,875;36996;37197;36737
599,25;59,925;37042;37245;36780
599,75;59,975;37088;37294;36823
600,25;60,025;37134;37342;36867
600,75;60,075;37180;37391;36910
601,25;60,125;37227;37440;36953
601,75;60,175;37273;37488;36996
602,25;60,225;37320;37537;37039
602,75;60,275;37366;37585;37083
603,25;60,325;37412;37633;37126
603,75;60,375;37459;37681;37169
604,25;60,425;37505;37730;37212
604,75;60,475;37552;37778;37255
605,25;60,525;37599;37827;37299
605,75;60,575;37646;37876;37342
606,25;60,625;37693;37926;37386
;;;;
;;;;
;;;;
;;;;
;;;;
;;;;
;;;;
;;;;
;;;;
;;;;
;;;;
;;;;
;;;;
;;;;
;;;;
;;;;
;;;;
;;;;
;;;;
;;;;
;;;;
;;;;
;;;;
;;;;
;;;;
;;;;
;;;;
;;;;
;;;;
;;;;
;;;;
;;;;
;;;;
;;;;
;;;;
;;;;
;;;;
;;;;
;;;;
;;;;
;;;;
;;;;
;;;;
;;;;
;;;;
;;;;
;;;;
;;;;
;;;;
;;;;
;;;;
;;;;
;;;;
;;;;
;;;;
;;;;
;;;;
;;;;
;;;;
;;;;
;;;;
;;;;
;;;;
;;;;
;;;;
;;;;
;;;;
;;;;
;;;;
;;;;
;;;;
;;;;
;;;;
;;;;
;;;;
;;;;
;;;;
;;;;
;;;;
;;;;
;;;;
;;;;
;;;;
;;;;
;;;;
;;;;
;;;;
